<application>
  <component name="ProjectManager">
    <defaultProject>
      <component name="Encoding" addBOMForNewFiles="with BOM under Windows, with no BOM otherwise" />
      <component name="WindowStateProjectService">
        <state x="879" y="407" key="Rider.ProjectTemplateDialog.Size" timestamp="1695640092867">
          <screen x="0" y="25" width="2560" height="1415" />
        </state>
        <state x="879" y="407" key="Rider.ProjectTemplateDialog.Size/2560.926.1440.875/0.25.2560.1415" timestamp="1695640092867" />
      </component>
    </defaultProject>
  </component>
</application>