<keymap version="1" name="Visual Studio (macOS) copy" parent="Visual Studio OSX">
  <action id="Arrangement.Alias.Rule.Match.Condition.Move.Down" />
  <action id="Arrangement.Rule.Group.Condition.Move.Down" />
  <action id="Arrangement.Rule.Group.Condition.Move.Up" />
  <action id="Arrangement.Rule.Match.Condition.Move.Down" />
  <action id="Arrangement.Rule.Match.Condition.Move.Up" />
  <action id="CodeCleanup">
    <keyboard-shortcut first-keystroke="meta r" second-keystroke="meta c" />
  </action>
  <action id="Console.TableResult.NavigateForeignAction">
    <mouse-shortcut keystroke="meta button1" />
  </action>
  <action id="Console.TableResult.SetNull" />
  <action id="EditorToggleUseSoftWraps" />
  <action id="ExtractMethod">
    <keyboard-shortcut first-keystroke="meta e" />
  </action>
  <action id="Git.New.Branch.In.Log" />
  <action id="GitNewBranchAction" />
  <action id="GotoDeclaration">
    <mouse-shortcut keystroke="meta button1" />
  </action>
  <action id="GotoNextError" />
  <action id="InsertLiveTemplate" />
  <action id="List-selectFirstRow" />
  <action id="List-selectLastRow" />
  <action id="MethodOverloadSwitchDown" />
  <action id="MethodOverloadSwitchUp" />
  <action id="MoveLineDown">
    <keyboard-shortcut first-keystroke="alt down" />
  </action>
  <action id="MoveLineUp">
    <keyboard-shortcut first-keystroke="alt up" />
  </action>
  <action id="ReSharperGotoNextErrorInSolution">
    <keyboard-shortcut first-keystroke="meta alt n" />
  </action>
  <action id="RiderCoveringTestsPopupRunAllTestsAction" />
  <action id="RiderTypeHierarchy.BaseOnThisType" />
  <action id="RiderUnitTestAppendTestsTwAction" />
  <action id="ShowSearchHistory" />
  <action id="SilentCodeCleanup" />
  <action id="StepInto">
    <keyboard-shortcut first-keystroke="f11" />
  </action>
  <action id="StepOut">
    <keyboard-shortcut first-keystroke="f12" />
  </action>
  <action id="SurroundWithLiveTemplate" />
  <action id="SwitcherIterateItems" />
  <action id="SwitcherRecentEditedChangedToggleCheckBox" />
  <action id="TypeHierarchy" />
  <action id="TypeHierarchyBase.BaseOnThisType" />
  <action id="Unscramble" />
  <action id="UsageView.ShowRecentFindUsages" />
</keymap>